-- MariaDB dump 10.19  Distrib 10.5.11-MariaDB, for Win64 (AMD64)
--
-- Host: localhost    Database: ztxpj
-- ------------------------------------------------------
-- Server version	10.5.11-MariaDB

/*!40101 SET @OLD_CHARACTER_SET_CLIENT=@@CHARACTER_SET_CLIENT */;
/*!40101 SET @OLD_CHARACTER_SET_RESULTS=@@CHARACTER_SET_RESULTS */;
/*!40101 SET @OLD_COLLATION_CONNECTION=@@COLLATION_CONNECTION */;
/*!40101 SET NAMES utf8mb4 */;
/*!40103 SET @OLD_TIME_ZONE=@@TIME_ZONE */;
/*!40103 SET TIME_ZONE='+00:00' */;
/*!40014 SET @OLD_UNIQUE_CHECKS=@@UNIQUE_CHECKS, UNIQUE_CHECKS=0 */;
/*!40014 SET @OLD_FOREIGN_KEY_CHECKS=@@FOREIGN_KEY_CHECKS, FOREIGN_KEY_CHECKS=0 */;
/*!40101 SET @OLD_SQL_MODE=@@SQL_MODE, SQL_MODE='NO_AUTO_VALUE_ON_ZERO' */;
/*!40111 SET @OLD_SQL_NOTES=@@SQL_NOTES, SQL_NOTES=0 */;

--
-- Table structure for table `routes`
--

DROP TABLE IF EXISTS `routes`;
/*!40101 SET @saved_cs_client     = @@character_set_client */;
/*!40101 SET character_set_client = utf8 */;
CREATE TABLE `routes` (
  `routeid` int(11) NOT NULL AUTO_INCREMENT,
  `departure` char(10) DEFAULT NULL,
  `arrival` char(10) DEFAULT NULL,
  `departure_time` datetime DEFAULT NULL,
  `seat` int(11) DEFAULT 900,
  `arrival_time` datetime DEFAULT NULL,
  `trainid` int(11) DEFAULT NULL,
  PRIMARY KEY (`routeid`)
) ENGINE=InnoDB AUTO_INCREMENT=30 DEFAULT CHARSET=utf8;
/*!40101 SET character_set_client = @saved_cs_client */;

--
-- Dumping data for table `routes`
--

LOCK TABLES `routes` WRITE;
/*!40000 ALTER TABLE `routes` DISABLE KEYS */;
INSERT INTO `routes` VALUES (1,'서울역','부산역','2025-03-01 09:00:00',900,'2025-03-01 11:00:00',NULL),(2,'서울역','부산역','2025-03-07 09:00:00',900,'2025-03-07 11:00:00',2),(3,'서울역','목포역','2025-03-07 10:00:00',900,'2025-03-07 12:00:00',NULL),(4,'서울역','여수엑스포역','2025-03-07 11:00:00',900,'2025-03-07 13:00:00',NULL),(5,'서울역','마산역','2025-03-07 12:00:00',900,'2025-03-07 14:00:00',NULL),(6,'서울역','강릉역','2025-03-07 13:00:00',900,'2025-03-07 15:00:00',NULL),(7,'광명역','부산역','2025-03-07 09:30:00',900,'2025-03-07 11:30:00',NULL),(8,'광명역','목포역','2025-03-07 10:30:00',900,'2025-03-07 12:30:00',NULL),(9,'광명역','여수엑스포역','2025-03-07 11:30:00',900,'2025-03-07 13:30:00',NULL),(10,'광명역','마산역','2025-03-07 12:30:00',900,'2025-03-07 14:30:00',NULL),(11,'광명역','강릉역','2025-03-07 13:30:00',900,'2025-03-07 15:30:00',NULL),(12,'수서역','부산역','2025-03-07 09:00:00',900,'2025-03-07 11:00:00',NULL),(13,'수서역','목포역','2025-03-07 10:00:00',900,'2025-03-07 12:00:00',NULL),(14,'수서역','여수엑스포역','2025-03-07 11:00:00',900,'2025-03-07 13:00:00',NULL),(15,'청량리역','강릉역','2025-03-07 09:00:00',900,'2025-03-07 10:30:00',NULL),(16,'부산역','서울역','2025-03-07 15:00:00',900,'2025-03-07 17:00:00',NULL),(17,'목포역','서울역','2025-03-07 16:00:00',900,'2025-03-07 18:00:00',NULL),(18,'여수엑스포역','서울역','2025-03-07 17:00:00',900,'2025-03-07 19:00:00',NULL),(19,'마산역','서울역','2025-03-07 18:00:00',900,'2025-03-07 20:00:00',NULL),(20,'강릉역','서울역','2025-03-07 19:00:00',900,'2025-03-07 21:00:00',NULL),(21,'부산역','광명역','2025-03-07 15:30:00',900,'2025-03-07 17:30:00',NULL),(22,'목포역','광명역','2025-03-07 16:30:00',900,'2025-03-07 18:30:00',NULL),(23,'여수엑스포역','광명역','2025-03-07 17:30:00',900,'2025-03-07 19:30:00',NULL),(24,'마산역','광명역','2025-03-07 18:30:00',900,'2025-03-07 20:30:00',NULL),(25,'강릉역','광명역','2025-03-07 19:30:00',900,'2025-03-07 21:30:00',NULL),(26,'부산역','수서역','2025-03-07 15:00:00',900,'2025-03-07 17:00:00',NULL),(27,'목포역','수서역','2025-03-07 16:00:00',900,'2025-03-07 18:00:00',NULL),(28,'여수엑스포역','수서역','2025-03-07 17:00:00',900,'2025-03-07 19:00:00',NULL),(29,'강릉역','청량리역','2025-03-07 15:00:00',900,'2025-03-07 16:30:00',NULL);
/*!40000 ALTER TABLE `routes` ENABLE KEYS */;
UNLOCK TABLES;

--
-- Table structure for table `seates`
--

DROP TABLE IF EXISTS `seates`;
/*!40101 SET @saved_cs_client     = @@character_set_client */;
/*!40101 SET character_set_client = utf8 */;
CREATE TABLE `seates` (
  `seatid` int(11) NOT NULL AUTO_INCREMENT,
  `seatnum` char(5) DEFAULT NULL,
  PRIMARY KEY (`seatid`)
) ENGINE=InnoDB AUTO_INCREMENT=901 DEFAULT CHARSET=utf8;
/*!40101 SET character_set_client = @saved_cs_client */;

--
-- Dumping data for table `seates`
--

LOCK TABLES `seates` WRITE;
/*!40000 ALTER TABLE `seates` DISABLE KEYS */;
INSERT INTO `seates` VALUES (1,'01-01'),(2,'01-02'),(3,'01-03'),(4,'01-04'),(5,'01-05'),(6,'01-06'),(7,'01-07'),(8,'01-08'),(9,'01-09'),(10,'01-10'),(11,'01-11'),(12,'01-12'),(13,'01-13'),(14,'01-14'),(15,'01-15'),(16,'01-16'),(17,'01-17'),(18,'01-18'),(19,'01-19'),(20,'01-20'),(21,'01-21'),(22,'01-22'),(23,'01-23'),(24,'01-24'),(25,'01-25'),(26,'01-26'),(27,'01-27'),(28,'01-28'),(29,'01-29'),(30,'01-30'),(31,'01-31'),(32,'01-32'),(33,'01-33'),(34,'01-34'),(35,'01-35'),(36,'01-36'),(37,'01-37'),(38,'01-38'),(39,'01-39'),(40,'01-40'),(41,'01-41'),(42,'01-42'),(43,'01-43'),(44,'01-44'),(45,'01-45'),(46,'01-46'),(47,'01-47'),(48,'01-48'),(49,'01-49'),(50,'01-50'),(51,'02-01'),(52,'02-02'),(53,'02-03'),(54,'02-04'),(55,'02-05'),(56,'02-06'),(57,'02-07'),(58,'02-08'),(59,'02-09'),(60,'02-10'),(61,'02-11'),(62,'02-12'),(63,'02-13'),(64,'02-14'),(65,'02-15'),(66,'02-16'),(67,'02-17'),(68,'02-18'),(69,'02-19'),(70,'02-20'),(71,'02-21'),(72,'02-22'),(73,'02-23'),(74,'02-24'),(75,'02-25'),(76,'02-26'),(77,'02-27'),(78,'02-28'),(79,'02-29'),(80,'02-30'),(81,'02-31'),(82,'02-32'),(83,'02-33'),(84,'02-34'),(85,'02-35'),(86,'02-36'),(87,'02-37'),(88,'02-38'),(89,'02-39'),(90,'02-40'),(91,'02-41'),(92,'02-42'),(93,'02-43'),(94,'02-44'),(95,'02-45'),(96,'02-46'),(97,'02-47'),(98,'02-48'),(99,'02-49'),(100,'02-50'),(101,'03-01'),(102,'03-02'),(103,'03-03'),(104,'03-04'),(105,'03-05'),(106,'03-06'),(107,'03-07'),(108,'03-08'),(109,'03-09'),(110,'03-10'),(111,'03-11'),(112,'03-12'),(113,'03-13'),(114,'03-14'),(115,'03-15'),(116,'03-16'),(117,'03-17'),(118,'03-18'),(119,'03-19'),(120,'03-20'),(121,'03-21'),(122,'03-22'),(123,'03-23'),(124,'03-24'),(125,'03-25'),(126,'03-26'),(127,'03-27'),(128,'03-28'),(129,'03-29'),(130,'03-30'),(131,'03-31'),(132,'03-32'),(133,'03-33'),(134,'03-34'),(135,'03-35'),(136,'03-36'),(137,'03-37'),(138,'03-38'),(139,'03-39'),(140,'03-40'),(141,'03-41'),(142,'03-42'),(143,'03-43'),(144,'03-44'),(145,'03-45'),(146,'03-46'),(147,'03-47'),(148,'03-48'),(149,'03-49'),(150,'03-50'),(151,'04-01'),(152,'04-02'),(153,'04-03'),(154,'04-04'),(155,'04-05'),(156,'04-06'),(157,'04-07'),(158,'04-08'),(159,'04-09'),(160,'04-10'),(161,'04-11'),(162,'04-12'),(163,'04-13'),(164,'04-14'),(165,'04-15'),(166,'04-16'),(167,'04-17'),(168,'04-18'),(169,'04-19'),(170,'04-20'),(171,'04-21'),(172,'04-22'),(173,'04-23'),(174,'04-24'),(175,'04-25'),(176,'04-26'),(177,'04-27'),(178,'04-28'),(179,'04-29'),(180,'04-30'),(181,'04-31'),(182,'04-32'),(183,'04-33'),(184,'04-34'),(185,'04-35'),(186,'04-36'),(187,'04-37'),(188,'04-38'),(189,'04-39'),(190,'04-40'),(191,'04-41'),(192,'04-42'),(193,'04-43'),(194,'04-44'),(195,'04-45'),(196,'04-46'),(197,'04-47'),(198,'04-48'),(199,'04-49'),(200,'04-50'),(201,'05-01'),(202,'05-02'),(203,'05-03'),(204,'05-04'),(205,'05-05'),(206,'05-06'),(207,'05-07'),(208,'05-08'),(209,'05-09'),(210,'05-10'),(211,'05-11'),(212,'05-12'),(213,'05-13'),(214,'05-14'),(215,'05-15'),(216,'05-16'),(217,'05-17'),(218,'05-18'),(219,'05-19'),(220,'05-20'),(221,'05-21'),(222,'05-22'),(223,'05-23'),(224,'05-24'),(225,'05-25'),(226,'05-26'),(227,'05-27'),(228,'05-28'),(229,'05-29'),(230,'05-30'),(231,'05-31'),(232,'05-32'),(233,'05-33'),(234,'05-34'),(235,'05-35'),(236,'05-36'),(237,'05-37'),(238,'05-38'),(239,'05-39'),(240,'05-40'),(241,'05-41'),(242,'05-42'),(243,'05-43'),(244,'05-44'),(245,'05-45'),(246,'05-46'),(247,'05-47'),(248,'05-48'),(249,'05-49'),(250,'05-50'),(251,'06-01'),(252,'06-02'),(253,'06-03'),(254,'06-04'),(255,'06-05'),(256,'06-06'),(257,'06-07'),(258,'06-08'),(259,'06-09'),(260,'06-10'),(261,'06-11'),(262,'06-12'),(263,'06-13'),(264,'06-14'),(265,'06-15'),(266,'06-16'),(267,'06-17'),(268,'06-18'),(269,'06-19'),(270,'06-20'),(271,'06-21'),(272,'06-22'),(273,'06-23'),(274,'06-24'),(275,'06-25'),(276,'06-26'),(277,'06-27'),(278,'06-28'),(279,'06-29'),(280,'06-30'),(281,'06-31'),(282,'06-32'),(283,'06-33'),(284,'06-34'),(285,'06-35'),(286,'06-36'),(287,'06-37'),(288,'06-38'),(289,'06-39'),(290,'06-40'),(291,'06-41'),(292,'06-42'),(293,'06-43'),(294,'06-44'),(295,'06-45'),(296,'06-46'),(297,'06-47'),(298,'06-48'),(299,'06-49'),(300,'06-50'),(301,'07-01'),(302,'07-02'),(303,'07-03'),(304,'07-04'),(305,'07-05'),(306,'07-06'),(307,'07-07'),(308,'07-08'),(309,'07-09'),(310,'07-10'),(311,'07-11'),(312,'07-12'),(313,'07-13'),(314,'07-14'),(315,'07-15'),(316,'07-16'),(317,'07-17'),(318,'07-18'),(319,'07-19'),(320,'07-20'),(321,'07-21'),(322,'07-22'),(323,'07-23'),(324,'07-24'),(325,'07-25'),(326,'07-26'),(327,'07-27'),(328,'07-28'),(329,'07-29'),(330,'07-30'),(331,'07-31'),(332,'07-32'),(333,'07-33'),(334,'07-34'),(335,'07-35'),(336,'07-36'),(337,'07-37'),(338,'07-38'),(339,'07-39'),(340,'07-40'),(341,'07-41'),(342,'07-42'),(343,'07-43'),(344,'07-44'),(345,'07-45'),(346,'07-46'),(347,'07-47'),(348,'07-48'),(349,'07-49'),(350,'07-50'),(351,'08-01'),(352,'08-02'),(353,'08-03'),(354,'08-04'),(355,'08-05'),(356,'08-06'),(357,'08-07'),(358,'08-08'),(359,'08-09'),(360,'08-10'),(361,'08-11'),(362,'08-12'),(363,'08-13'),(364,'08-14'),(365,'08-15'),(366,'08-16'),(367,'08-17'),(368,'08-18'),(369,'08-19'),(370,'08-20'),(371,'08-21'),(372,'08-22'),(373,'08-23'),(374,'08-24'),(375,'08-25'),(376,'08-26'),(377,'08-27'),(378,'08-28'),(379,'08-29'),(380,'08-30'),(381,'08-31'),(382,'08-32'),(383,'08-33'),(384,'08-34'),(385,'08-35'),(386,'08-36'),(387,'08-37'),(388,'08-38'),(389,'08-39'),(390,'08-40'),(391,'08-41'),(392,'08-42'),(393,'08-43'),(394,'08-44'),(395,'08-45'),(396,'08-46'),(397,'08-47'),(398,'08-48'),(399,'08-49'),(400,'08-50'),(401,'09-01'),(402,'09-02'),(403,'09-03'),(404,'09-04'),(405,'09-05'),(406,'09-06'),(407,'09-07'),(408,'09-08'),(409,'09-09'),(410,'09-10'),(411,'09-11'),(412,'09-12'),(413,'09-13'),(414,'09-14'),(415,'09-15'),(416,'09-16'),(417,'09-17'),(418,'09-18'),(419,'09-19'),(420,'09-20'),(421,'09-21'),(422,'09-22'),(423,'09-23'),(424,'09-24'),(425,'09-25'),(426,'09-26'),(427,'09-27'),(428,'09-28'),(429,'09-29'),(430,'09-30'),(431,'09-31'),(432,'09-32'),(433,'09-33'),(434,'09-34'),(435,'09-35'),(436,'09-36'),(437,'09-37'),(438,'09-38'),(439,'09-39'),(440,'09-40'),(441,'09-41'),(442,'09-42'),(443,'09-43'),(444,'09-44'),(445,'09-45'),(446,'09-46'),(447,'09-47'),(448,'09-48'),(449,'09-49'),(450,'09-50'),(451,'10-01'),(452,'10-02'),(453,'10-03'),(454,'10-04'),(455,'10-05'),(456,'10-06'),(457,'10-07'),(458,'10-08'),(459,'10-09'),(460,'10-10'),(461,'10-11'),(462,'10-12'),(463,'10-13'),(464,'10-14'),(465,'10-15'),(466,'10-16'),(467,'10-17'),(468,'10-18'),(469,'10-19'),(470,'10-20'),(471,'10-21'),(472,'10-22'),(473,'10-23'),(474,'10-24'),(475,'10-25'),(476,'10-26'),(477,'10-27'),(478,'10-28'),(479,'10-29'),(480,'10-30'),(481,'10-31'),(482,'10-32'),(483,'10-33'),(484,'10-34'),(485,'10-35'),(486,'10-36'),(487,'10-37'),(488,'10-38'),(489,'10-39'),(490,'10-40'),(491,'10-41'),(492,'10-42'),(493,'10-43'),(494,'10-44'),(495,'10-45'),(496,'10-46'),(497,'10-47'),(498,'10-48'),(499,'10-49'),(500,'10-50'),(501,'11-01'),(502,'11-02'),(503,'11-03'),(504,'11-04'),(505,'11-05'),(506,'11-06'),(507,'11-07'),(508,'11-08'),(509,'11-09'),(510,'11-10'),(511,'11-11'),(512,'11-12'),(513,'11-13'),(514,'11-14'),(515,'11-15'),(516,'11-16'),(517,'11-17'),(518,'11-18'),(519,'11-19'),(520,'11-20'),(521,'11-21'),(522,'11-22'),(523,'11-23'),(524,'11-24'),(525,'11-25'),(526,'11-26'),(527,'11-27'),(528,'11-28'),(529,'11-29'),(530,'11-30'),(531,'11-31'),(532,'11-32'),(533,'11-33'),(534,'11-34'),(535,'11-35'),(536,'11-36'),(537,'11-37'),(538,'11-38'),(539,'11-39'),(540,'11-40'),(541,'11-41'),(542,'11-42'),(543,'11-43'),(544,'11-44'),(545,'11-45'),(546,'11-46'),(547,'11-47'),(548,'11-48'),(549,'11-49'),(550,'11-50'),(551,'12-01'),(552,'12-02'),(553,'12-03'),(554,'12-04'),(555,'12-05'),(556,'12-06'),(557,'12-07'),(558,'12-08'),(559,'12-09'),(560,'12-10'),(561,'12-11'),(562,'12-12'),(563,'12-13'),(564,'12-14'),(565,'12-15'),(566,'12-16'),(567,'12-17'),(568,'12-18'),(569,'12-19'),(570,'12-20'),(571,'12-21'),(572,'12-22'),(573,'12-23'),(574,'12-24'),(575,'12-25'),(576,'12-26'),(577,'12-27'),(578,'12-28'),(579,'12-29'),(580,'12-30'),(581,'12-31'),(582,'12-32'),(583,'12-33'),(584,'12-34'),(585,'12-35'),(586,'12-36'),(587,'12-37'),(588,'12-38'),(589,'12-39'),(590,'12-40'),(591,'12-41'),(592,'12-42'),(593,'12-43'),(594,'12-44'),(595,'12-45'),(596,'12-46'),(597,'12-47'),(598,'12-48'),(599,'12-49'),(600,'12-50'),(601,'13-01'),(602,'13-02'),(603,'13-03'),(604,'13-04'),(605,'13-05'),(606,'13-06'),(607,'13-07'),(608,'13-08'),(609,'13-09'),(610,'13-10'),(611,'13-11'),(612,'13-12'),(613,'13-13'),(614,'13-14'),(615,'13-15'),(616,'13-16'),(617,'13-17'),(618,'13-18'),(619,'13-19'),(620,'13-20'),(621,'13-21'),(622,'13-22'),(623,'13-23'),(624,'13-24'),(625,'13-25'),(626,'13-26'),(627,'13-27'),(628,'13-28'),(629,'13-29'),(630,'13-30'),(631,'13-31'),(632,'13-32'),(633,'13-33'),(634,'13-34'),(635,'13-35'),(636,'13-36'),(637,'13-37'),(638,'13-38'),(639,'13-39'),(640,'13-40'),(641,'13-41'),(642,'13-42'),(643,'13-43'),(644,'13-44'),(645,'13-45'),(646,'13-46'),(647,'13-47'),(648,'13-48'),(649,'13-49'),(650,'13-50'),(651,'14-01'),(652,'14-02'),(653,'14-03'),(654,'14-04'),(655,'14-05'),(656,'14-06'),(657,'14-07'),(658,'14-08'),(659,'14-09'),(660,'14-10'),(661,'14-11'),(662,'14-12'),(663,'14-13'),(664,'14-14'),(665,'14-15'),(666,'14-16'),(667,'14-17'),(668,'14-18'),(669,'14-19'),(670,'14-20'),(671,'14-21'),(672,'14-22'),(673,'14-23'),(674,'14-24'),(675,'14-25'),(676,'14-26'),(677,'14-27'),(678,'14-28'),(679,'14-29'),(680,'14-30'),(681,'14-31'),(682,'14-32'),(683,'14-33'),(684,'14-34'),(685,'14-35'),(686,'14-36'),(687,'14-37'),(688,'14-38'),(689,'14-39'),(690,'14-40'),(691,'14-41'),(692,'14-42'),(693,'14-43'),(694,'14-44'),(695,'14-45'),(696,'14-46'),(697,'14-47'),(698,'14-48'),(699,'14-49'),(700,'14-50'),(701,'15-01'),(702,'15-02'),(703,'15-03'),(704,'15-04'),(705,'15-05'),(706,'15-06'),(707,'15-07'),(708,'15-08'),(709,'15-09'),(710,'15-10'),(711,'15-11'),(712,'15-12'),(713,'15-13'),(714,'15-14'),(715,'15-15'),(716,'15-16'),(717,'15-17'),(718,'15-18'),(719,'15-19'),(720,'15-20'),(721,'15-21'),(722,'15-22'),(723,'15-23'),(724,'15-24'),(725,'15-25'),(726,'15-26'),(727,'15-27'),(728,'15-28'),(729,'15-29'),(730,'15-30'),(731,'15-31'),(732,'15-32'),(733,'15-33'),(734,'15-34'),(735,'15-35'),(736,'15-36'),(737,'15-37'),(738,'15-38'),(739,'15-39'),(740,'15-40'),(741,'15-41'),(742,'15-42'),(743,'15-43'),(744,'15-44'),(745,'15-45'),(746,'15-46'),(747,'15-47'),(748,'15-48'),(749,'15-49'),(750,'15-50'),(751,'16-01'),(752,'16-02'),(753,'16-03'),(754,'16-04'),(755,'16-05'),(756,'16-06'),(757,'16-07'),(758,'16-08'),(759,'16-09'),(760,'16-10'),(761,'16-11'),(762,'16-12'),(763,'16-13'),(764,'16-14'),(765,'16-15'),(766,'16-16'),(767,'16-17'),(768,'16-18'),(769,'16-19'),(770,'16-20'),(771,'16-21'),(772,'16-22'),(773,'16-23'),(774,'16-24'),(775,'16-25'),(776,'16-26'),(777,'16-27'),(778,'16-28'),(779,'16-29'),(780,'16-30'),(781,'16-31'),(782,'16-32'),(783,'16-33'),(784,'16-34'),(785,'16-35'),(786,'16-36'),(787,'16-37'),(788,'16-38'),(789,'16-39'),(790,'16-40'),(791,'16-41'),(792,'16-42'),(793,'16-43'),(794,'16-44'),(795,'16-45'),(796,'16-46'),(797,'16-47'),(798,'16-48'),(799,'16-49'),(800,'16-50'),(801,'17-01'),(802,'17-02'),(803,'17-03'),(804,'17-04'),(805,'17-05'),(806,'17-06'),(807,'17-07'),(808,'17-08'),(809,'17-09'),(810,'17-10'),(811,'17-11'),(812,'17-12'),(813,'17-13'),(814,'17-14'),(815,'17-15'),(816,'17-16'),(817,'17-17'),(818,'17-18'),(819,'17-19'),(820,'17-20'),(821,'17-21'),(822,'17-22'),(823,'17-23'),(824,'17-24'),(825,'17-25'),(826,'17-26'),(827,'17-27'),(828,'17-28'),(829,'17-29'),(830,'17-30'),(831,'17-31'),(832,'17-32'),(833,'17-33'),(834,'17-34'),(835,'17-35'),(836,'17-36'),(837,'17-37'),(838,'17-38'),(839,'17-39'),(840,'17-40'),(841,'17-41'),(842,'17-42'),(843,'17-43'),(844,'17-44'),(845,'17-45'),(846,'17-46'),(847,'17-47'),(848,'17-48'),(849,'17-49'),(850,'17-50'),(851,'18-01'),(852,'18-02'),(853,'18-03'),(854,'18-04'),(855,'18-05'),(856,'18-06'),(857,'18-07'),(858,'18-08'),(859,'18-09'),(860,'18-10'),(861,'18-11'),(862,'18-12'),(863,'18-13'),(864,'18-14'),(865,'18-15'),(866,'18-16'),(867,'18-17'),(868,'18-18'),(869,'18-19'),(870,'18-20'),(871,'18-21'),(872,'18-22'),(873,'18-23'),(874,'18-24'),(875,'18-25'),(876,'18-26'),(877,'18-27'),(878,'18-28'),(879,'18-29'),(880,'18-30'),(881,'18-31'),(882,'18-32'),(883,'18-33'),(884,'18-34'),(885,'18-35'),(886,'18-36'),(887,'18-37'),(888,'18-38'),(889,'18-39'),(890,'18-40'),(891,'18-41'),(892,'18-42'),(893,'18-43'),(894,'18-44'),(895,'18-45'),(896,'18-46'),(897,'18-47'),(898,'18-48'),(899,'18-49'),(900,'18-50');
/*!40000 ALTER TABLE `seates` ENABLE KEYS */;
UNLOCK TABLES;

--
-- Table structure for table `stations`
--

DROP TABLE IF EXISTS `stations`;
/*!40101 SET @saved_cs_client     = @@character_set_client */;
/*!40101 SET character_set_client = utf8 */;
CREATE TABLE `stations` (
  `id` int(11) NOT NULL AUTO_INCREMENT,
  `station_name` varchar(255) NOT NULL,
  `location` varchar(255) DEFAULT NULL,
  `line` varchar(255) DEFAULT NULL,
  PRIMARY KEY (`id`)
) ENGINE=InnoDB AUTO_INCREMENT=177 DEFAULT CHARSET=utf8;
/*!40101 SET character_set_client = @saved_cs_client */;

--
-- Dumping data for table `stations`
--

LOCK TABLES `stations` WRITE;
/*!40000 ALTER TABLE `stations` DISABLE KEYS */;
INSERT INTO `stations` VALUES (116,'서울역','서울','경부선'),(117,'부산역','부산','경부선'),(118,'대전역','대전','경부선'),(119,'동대구역','대구','경부선'),(120,'광명역','경기도 광명','경부선'),(121,'수원역','경기도 수원','경부선'),(122,'천안아산역','충청남도 천안','경부선'),(123,'오송역','충청북도 청주','경부선'),(124,'울산역','울산','경부선'),(125,'정읍역','전라북도 정읍','호남선'),(126,'광주송정역','광주','호남선'),(127,'목포역','전라남도 목포','호남선'),(128,'익산역','전라북도 익산','호남선'),(129,'전주역','전라북도 전주','호남선'),(130,'순천역','전라남도 순천','호남선'),(131,'여수엑스포역','전라남도 여수','호남선'),(132,'대구역','대구','경북선'),(133,'포항역','경상북도 포항','경북선'),(134,'안동역','경상북도 안동','경북선'),(135,'김천역','경상북도 김천','경북선'),(136,'경주역','경상북도 경주','경북선'),(137,'춘천역','강원도 춘천','강릉선'),(138,'강릉역','강원도 강릉','강릉선'),(139,'홍천역','강원도 홍천','강릉선'),(140,'원주역','강원도 원주','강릉선'),(141,'정선역','강원도 정선','중앙선'),(142,'서울상봉역','서울','중앙선'),(143,'청량리역','서울','중앙선'),(144,'이천역','경기도 이천','중앙선'),(145,'제천역','충청북도 제천','중앙선'),(146,'보은역','충청북도 보은','중앙선'),(147,'단양역','충청북도 단양','중앙선'),(148,'서대전역','대전','중부내륙선'),(149,'충주역','충청북도 충주','중부내륙선'),(150,'문경역','경상북도 문경','중부내륙선'),(151,'영주역','경상북도 영주','중부내륙선'),(152,'안성역','경기도 안성','중부내륙선'),(153,'호법역','경기도 호법','중부내륙선'),(154,'용인역','경기도 용인','경부선'),(155,'판교역','경기도 성남','경부선'),(156,'김포공항역','서울','공항철도'),(157,'인천공항1터미널역','인천','공항철도'),(158,'인천공항2터미널역','인천','공항철도'),(159,'서울역','서울','수도권전철'),(160,'신도림역','서울','수도권전철'),(161,'동서울역','서울','수도권전철'),(162,'여의도역','서울','수도권전철'),(163,'광교역','경기도 수원','수도권전철'),(164,'군포역','경기도 군포','수도권전철'),(165,'안양역','경기도 안양','수도권전철'),(166,'부산진역','부산','경부선'),(167,'대구동대구역','대구','경부선'),(168,'울산북구역','울산','경부선'),(169,'서평택역','경기도 평택','경부선'),(170,'용인수지역','경기도 용인','경부선'),(171,'광명역','경기도 광명','경부선'),(172,'청주역','충청북도 청주','호남선'),(173,'김해역','경상남도 김해','경부선'),(174,'양산역','경상남도 양산','경부선'),(175,'신촌역','서울','경부선'),(176,'동서울터미널역','서울','경부선');
/*!40000 ALTER TABLE `stations` ENABLE KEYS */;
UNLOCK TABLES;

--
-- Table structure for table `traines`
--

DROP TABLE IF EXISTS `traines`;
/*!40101 SET @saved_cs_client     = @@character_set_client */;
/*!40101 SET character_set_client = utf8 */;
CREATE TABLE `traines` (
  `trainid` int(11) NOT NULL AUTO_INCREMENT,
  `model` char(20) DEFAULT NULL,
  `capa` int(11) DEFAULT 900,
  `depot` char(20) DEFAULT NULL,
  PRIMARY KEY (`trainid`)
) ENGINE=InnoDB AUTO_INCREMENT=91 DEFAULT CHARSET=utf8;
/*!40101 SET character_set_client = @saved_cs_client */;

--
-- Dumping data for table `traines`
--

LOCK TABLES `traines` WRITE;
/*!40000 ALTER TABLE `traines` DISABLE KEYS */;
INSERT INTO `traines` VALUES (1,'ZTX-은하1호',900,'서울역'),(2,'ZTX-은하2호',900,'서울역'),(3,'ZTX-은하3호',900,'서울역'),(4,'ZTX-은하4호',900,'서울역'),(5,'ZTX-은하5호',900,'서울역'),(6,'ZTX-은하6호',900,'광명역'),(7,'ZTX-은하7호',900,'광명역'),(8,'ZTX-은하8호',900,'광명역'),(9,'ZTX-은하9호',900,'광명역'),(10,'ZTX-은하10호',900,'광명역'),(11,'ZTX-은하11호',900,'수서역'),(12,'ZTX-은하12호',900,'수서역'),(13,'ZTX-은하13호',900,'수서역'),(14,'ZTX-은하14호',900,'수서역'),(15,'ZTX-은하15호',900,'수서역'),(16,'ZTX-은하16호',900,'부산역'),(17,'ZTX-은하17호',900,'부산역'),(18,'ZTX-은하18호',900,'부산역'),(19,'ZTX-은하19호',900,'부산역'),(20,'ZTX-은하20호',900,'부산역'),(21,'ZTX-은하21호',900,'청량리역'),(22,'ZTX-은하22호',900,'청량리역'),(23,'ZTX-은하23호',900,'청량리역'),(24,'ZTX-은하24호',900,'청량리역'),(25,'ZTX-은하25호',900,'청량리역'),(26,'ZTX-은하26호',900,'목포역'),(27,'ZTX-은하27호',900,'목포역'),(28,'ZTX-은하28호',900,'목포역'),(29,'ZTX-은하29호',900,'목포역'),(30,'ZTX-은하30호',900,'목포역'),(31,'ZTX-은하31호',900,'여수엑스포역'),(32,'ZTX-은하32호',900,'여수엑스포역'),(33,'ZTX-은하33호',900,'여수엑스포역'),(34,'ZTX-은하34호',900,'여수엑스포역'),(35,'ZTX-은하35호',900,'여수엑스포역'),(36,'ZTX-은하36호',900,'마산역'),(37,'ZTX-은하37호',900,'마산역'),(38,'ZTX-은하38호',900,'마산역'),(39,'ZTX-은하39호',900,'마산역'),(40,'ZTX-은하40호',900,'마산역'),(41,'ZTX-은하41호',900,'강릉역'),(42,'ZTX-은하42호',900,'강릉역'),(43,'ZTX-은하43호',900,'강릉역'),(44,'ZTX-은하44호',900,'강릉역'),(45,'ZTX-은하45호',900,'강릉역'),(46,'ZTX-은하46호',900,'서울역'),(47,'ZTX-은하47호',900,'서울역'),(48,'ZTX-은하48호',900,'서울역'),(49,'ZTX-은하49호',900,'서울역'),(50,'ZTX-은하50호',900,'서울역'),(51,'ZTX-은하51호',900,'서울역'),(52,'ZTX-은하52호',900,'서울역'),(53,'ZTX-은하53호',900,'서울역'),(54,'ZTX-은하54호',900,'서울역'),(55,'ZTX-은하55호',900,'서울역'),(56,'ZTX-은하56호',900,'광명역'),(57,'ZTX-은하57호',900,'광명역'),(58,'ZTX-은하58호',900,'광명역'),(59,'ZTX-은하59호',900,'광명역'),(60,'ZTX-은하60호',900,'광명역'),(61,'ZTX-은하61호',900,'광명역'),(62,'ZTX-은하62호',900,'광명역'),(63,'ZTX-은하63호',900,'광명역'),(64,'ZTX-은하64호',900,'광명역'),(65,'ZTX-은하65호',900,'광명역'),(66,'ZTX-은하66호',900,'수서역'),(67,'ZTX-은하67호',900,'수서역'),(68,'ZTX-은하68호',900,'수서역'),(69,'ZTX-은하69호',900,'수서역'),(70,'ZTX-은하70호',900,'수서역'),(71,'ZTX-은하71호',900,'수서역'),(72,'ZTX-은하72호',900,'수서역'),(73,'ZTX-은하73호',900,'수서역'),(74,'ZTX-은하74호',900,'수서역'),(75,'ZTX-은하75호',900,'수서역'),(76,'ZTX-은하76호',900,'부산역'),(77,'ZTX-은하77호',900,'부산역'),(78,'ZTX-은하78호',900,'부산역'),(79,'ZTX-은하79호',900,'부산역'),(80,'ZTX-은하80호',900,'부산역'),(81,'ZTX-은하81호',900,'부산역'),(82,'ZTX-은하82호',900,'부산역'),(83,'ZTX-은하83호',900,'부산역'),(84,'ZTX-은하84호',900,'부산역'),(85,'ZTX-은하85호',900,'부산역'),(86,'ZTX-은하86호',900,'청량리역'),(87,'ZTX-은하87호',900,'청량리역'),(88,'ZTX-은하88호',900,'청량리역'),(89,'ZTX-은하89호',900,'청량리역'),(90,'ZTX-은하90호',900,'청량리역');
/*!40000 ALTER TABLE `traines` ENABLE KEYS */;
UNLOCK TABLES;

--
-- Table structure for table `trainseat`
--

DROP TABLE IF EXISTS `trainseat`;
/*!40101 SET @saved_cs_client     = @@character_set_client */;
/*!40101 SET character_set_client = utf8 */;
CREATE TABLE `trainseat` (
  `tseatid` int(11) NOT NULL AUTO_INCREMENT,
  `routeid` int(11) DEFAULT NULL,
  `seatid` int(11) DEFAULT NULL,
  `seatnum` char(5) DEFAULT NULL,
  `reserv` int(11) DEFAULT 1,
  `resid` int(11) DEFAULT NULL,
  PRIMARY KEY (`tseatid`)
) ENGINE=InnoDB AUTO_INCREMENT=901 DEFAULT CHARSET=utf8;
/*!40101 SET character_set_client = @saved_cs_client */;

--
-- Dumping data for table `trainseat`
--

LOCK TABLES `trainseat` WRITE;
/*!40000 ALTER TABLE `trainseat` DISABLE KEYS */;
INSERT INTO `trainseat` VALUES (1,2,1,'01-01',1,NULL),(2,2,2,'01-02',1,NULL),(3,2,3,'01-03',1,NULL),(4,2,4,'01-04',1,NULL),(5,2,5,'01-05',1,NULL),(6,2,6,'01-06',1,NULL),(7,2,7,'01-07',1,NULL),(8,2,8,'01-08',1,NULL),(9,2,9,'01-09',1,NULL),(10,2,10,'01-10',1,NULL),(11,2,11,'01-11',1,NULL),(12,2,12,'01-12',1,NULL),(13,2,13,'01-13',1,NULL),(14,2,14,'01-14',1,NULL),(15,2,15,'01-15',1,NULL),(16,2,16,'01-16',1,NULL),(17,2,17,'01-17',1,NULL),(18,2,18,'01-18',1,NULL),(19,2,19,'01-19',1,NULL),(20,2,20,'01-20',1,NULL),(21,2,21,'01-21',1,NULL),(22,2,22,'01-22',1,NULL),(23,2,23,'01-23',1,NULL),(24,2,24,'01-24',1,NULL),(25,2,25,'01-25',1,NULL),(26,2,26,'01-26',1,NULL),(27,2,27,'01-27',1,NULL),(28,2,28,'01-28',1,NULL),(29,2,29,'01-29',1,NULL),(30,2,30,'01-30',1,NULL),(31,2,31,'01-31',1,NULL),(32,2,32,'01-32',1,NULL),(33,2,33,'01-33',1,NULL),(34,2,34,'01-34',1,NULL),(35,2,35,'01-35',1,NULL),(36,2,36,'01-36',1,NULL),(37,2,37,'01-37',1,NULL),(38,2,38,'01-38',1,NULL),(39,2,39,'01-39',1,NULL),(40,2,40,'01-40',1,NULL),(41,2,41,'01-41',1,NULL),(42,2,42,'01-42',1,NULL),(43,2,43,'01-43',1,NULL),(44,2,44,'01-44',1,NULL),(45,2,45,'01-45',1,NULL),(46,2,46,'01-46',1,NULL),(47,2,47,'01-47',1,NULL),(48,2,48,'01-48',1,NULL),(49,2,49,'01-49',1,NULL),(50,2,50,'01-50',1,NULL),(51,2,51,'02-01',1,NULL),(52,2,52,'02-02',1,NULL),(53,2,53,'02-03',1,NULL),(54,2,54,'02-04',1,NULL),(55,2,55,'02-05',1,NULL),(56,2,56,'02-06',1,NULL),(57,2,57,'02-07',1,NULL),(58,2,58,'02-08',1,NULL),(59,2,59,'02-09',1,NULL),(60,2,60,'02-10',1,NULL),(61,2,61,'02-11',1,NULL),(62,2,62,'02-12',1,NULL),(63,2,63,'02-13',1,NULL),(64,2,64,'02-14',1,NULL),(65,2,65,'02-15',1,NULL),(66,2,66,'02-16',1,NULL),(67,2,67,'02-17',1,NULL),(68,2,68,'02-18',1,NULL),(69,2,69,'02-19',1,NULL),(70,2,70,'02-20',1,NULL),(71,2,71,'02-21',1,NULL),(72,2,72,'02-22',1,NULL),(73,2,73,'02-23',1,NULL),(74,2,74,'02-24',1,NULL),(75,2,75,'02-25',1,NULL),(76,2,76,'02-26',1,NULL),(77,2,77,'02-27',1,NULL),(78,2,78,'02-28',1,NULL),(79,2,79,'02-29',1,NULL),(80,2,80,'02-30',1,NULL),(81,2,81,'02-31',1,NULL),(82,2,82,'02-32',1,NULL),(83,2,83,'02-33',1,NULL),(84,2,84,'02-34',1,NULL),(85,2,85,'02-35',1,NULL),(86,2,86,'02-36',1,NULL),(87,2,87,'02-37',1,NULL),(88,2,88,'02-38',1,NULL),(89,2,89,'02-39',1,NULL),(90,2,90,'02-40',1,NULL),(91,2,91,'02-41',1,NULL),(92,2,92,'02-42',1,NULL),(93,2,93,'02-43',1,NULL),(94,2,94,'02-44',1,NULL),(95,2,95,'02-45',1,NULL),(96,2,96,'02-46',1,NULL),(97,2,97,'02-47',1,NULL),(98,2,98,'02-48',1,NULL),(99,2,99,'02-49',1,NULL),(100,2,100,'02-50',1,NULL),(101,2,101,'03-01',1,NULL),(102,2,102,'03-02',1,NULL),(103,2,103,'03-03',1,NULL),(104,2,104,'03-04',1,NULL),(105,2,105,'03-05',1,NULL),(106,2,106,'03-06',1,NULL),(107,2,107,'03-07',1,NULL),(108,2,108,'03-08',1,NULL),(109,2,109,'03-09',1,NULL),(110,2,110,'03-10',1,NULL),(111,2,111,'03-11',1,NULL),(112,2,112,'03-12',1,NULL),(113,2,113,'03-13',1,NULL),(114,2,114,'03-14',1,NULL),(115,2,115,'03-15',1,NULL),(116,2,116,'03-16',1,NULL),(117,2,117,'03-17',1,NULL),(118,2,118,'03-18',1,NULL),(119,2,119,'03-19',1,NULL),(120,2,120,'03-20',1,NULL),(121,2,121,'03-21',1,NULL),(122,2,122,'03-22',1,NULL),(123,2,123,'03-23',1,NULL),(124,2,124,'03-24',1,NULL),(125,2,125,'03-25',1,NULL),(126,2,126,'03-26',1,NULL),(127,2,127,'03-27',1,NULL),(128,2,128,'03-28',1,NULL),(129,2,129,'03-29',1,NULL),(130,2,130,'03-30',1,NULL),(131,2,131,'03-31',1,NULL),(132,2,132,'03-32',1,NULL),(133,2,133,'03-33',1,NULL),(134,2,134,'03-34',1,NULL),(135,2,135,'03-35',1,NULL),(136,2,136,'03-36',1,NULL),(137,2,137,'03-37',1,NULL),(138,2,138,'03-38',1,NULL),(139,2,139,'03-39',1,NULL),(140,2,140,'03-40',1,NULL),(141,2,141,'03-41',1,NULL),(142,2,142,'03-42',1,NULL),(143,2,143,'03-43',1,NULL),(144,2,144,'03-44',1,NULL),(145,2,145,'03-45',1,NULL),(146,2,146,'03-46',1,NULL),(147,2,147,'03-47',1,NULL),(148,2,148,'03-48',1,NULL),(149,2,149,'03-49',1,NULL),(150,2,150,'03-50',1,NULL),(151,2,151,'04-01',1,NULL),(152,2,152,'04-02',1,NULL),(153,2,153,'04-03',1,NULL),(154,2,154,'04-04',1,NULL),(155,2,155,'04-05',1,NULL),(156,2,156,'04-06',1,NULL),(157,2,157,'04-07',1,NULL),(158,2,158,'04-08',1,NULL),(159,2,159,'04-09',1,NULL),(160,2,160,'04-10',1,NULL),(161,2,161,'04-11',1,NULL),(162,2,162,'04-12',1,NULL),(163,2,163,'04-13',1,NULL),(164,2,164,'04-14',1,NULL),(165,2,165,'04-15',1,NULL),(166,2,166,'04-16',1,NULL),(167,2,167,'04-17',1,NULL),(168,2,168,'04-18',1,NULL),(169,2,169,'04-19',1,NULL),(170,2,170,'04-20',1,NULL),(171,2,171,'04-21',1,NULL),(172,2,172,'04-22',1,NULL),(173,2,173,'04-23',1,NULL),(174,2,174,'04-24',1,NULL),(175,2,175,'04-25',1,NULL),(176,2,176,'04-26',1,NULL),(177,2,177,'04-27',1,NULL),(178,2,178,'04-28',1,NULL),(179,2,179,'04-29',1,NULL),(180,2,180,'04-30',1,NULL),(181,2,181,'04-31',1,NULL),(182,2,182,'04-32',1,NULL),(183,2,183,'04-33',1,NULL),(184,2,184,'04-34',1,NULL),(185,2,185,'04-35',1,NULL),(186,2,186,'04-36',1,NULL),(187,2,187,'04-37',1,NULL),(188,2,188,'04-38',1,NULL),(189,2,189,'04-39',1,NULL),(190,2,190,'04-40',1,NULL),(191,2,191,'04-41',1,NULL),(192,2,192,'04-42',1,NULL),(193,2,193,'04-43',1,NULL),(194,2,194,'04-44',1,NULL),(195,2,195,'04-45',1,NULL),(196,2,196,'04-46',1,NULL),(197,2,197,'04-47',1,NULL),(198,2,198,'04-48',1,NULL),(199,2,199,'04-49',1,NULL),(200,2,200,'04-50',1,NULL),(201,2,201,'05-01',1,NULL),(202,2,202,'05-02',1,NULL),(203,2,203,'05-03',1,NULL),(204,2,204,'05-04',1,NULL),(205,2,205,'05-05',1,NULL),(206,2,206,'05-06',1,NULL),(207,2,207,'05-07',1,NULL),(208,2,208,'05-08',1,NULL),(209,2,209,'05-09',1,NULL),(210,2,210,'05-10',1,NULL),(211,2,211,'05-11',1,NULL),(212,2,212,'05-12',1,NULL),(213,2,213,'05-13',1,NULL),(214,2,214,'05-14',1,NULL),(215,2,215,'05-15',1,NULL),(216,2,216,'05-16',1,NULL),(217,2,217,'05-17',1,NULL),(218,2,218,'05-18',1,NULL),(219,2,219,'05-19',1,NULL),(220,2,220,'05-20',1,NULL),(221,2,221,'05-21',1,NULL),(222,2,222,'05-22',1,NULL),(223,2,223,'05-23',1,NULL),(224,2,224,'05-24',1,NULL),(225,2,225,'05-25',1,NULL),(226,2,226,'05-26',1,NULL),(227,2,227,'05-27',1,NULL),(228,2,228,'05-28',1,NULL),(229,2,229,'05-29',1,NULL),(230,2,230,'05-30',1,NULL),(231,2,231,'05-31',1,NULL),(232,2,232,'05-32',1,NULL),(233,2,233,'05-33',1,NULL),(234,2,234,'05-34',1,NULL),(235,2,235,'05-35',1,NULL),(236,2,236,'05-36',1,NULL),(237,2,237,'05-37',1,NULL),(238,2,238,'05-38',1,NULL),(239,2,239,'05-39',1,NULL),(240,2,240,'05-40',1,NULL),(241,2,241,'05-41',1,NULL),(242,2,242,'05-42',1,NULL),(243,2,243,'05-43',1,NULL),(244,2,244,'05-44',1,NULL),(245,2,245,'05-45',1,NULL),(246,2,246,'05-46',1,NULL),(247,2,247,'05-47',1,NULL),(248,2,248,'05-48',1,NULL),(249,2,249,'05-49',1,NULL),(250,2,250,'05-50',1,NULL),(251,2,251,'06-01',1,NULL),(252,2,252,'06-02',1,NULL),(253,2,253,'06-03',1,NULL),(254,2,254,'06-04',1,NULL),(255,2,255,'06-05',1,NULL),(256,2,256,'06-06',1,NULL),(257,2,257,'06-07',1,NULL),(258,2,258,'06-08',1,NULL),(259,2,259,'06-09',1,NULL),(260,2,260,'06-10',1,NULL),(261,2,261,'06-11',1,NULL),(262,2,262,'06-12',1,NULL),(263,2,263,'06-13',1,NULL),(264,2,264,'06-14',1,NULL),(265,2,265,'06-15',1,NULL),(266,2,266,'06-16',1,NULL),(267,2,267,'06-17',1,NULL),(268,2,268,'06-18',1,NULL),(269,2,269,'06-19',1,NULL),(270,2,270,'06-20',1,NULL),(271,2,271,'06-21',1,NULL),(272,2,272,'06-22',1,NULL),(273,2,273,'06-23',1,NULL),(274,2,274,'06-24',1,NULL),(275,2,275,'06-25',1,NULL),(276,2,276,'06-26',1,NULL),(277,2,277,'06-27',1,NULL),(278,2,278,'06-28',1,NULL),(279,2,279,'06-29',1,NULL),(280,2,280,'06-30',1,NULL),(281,2,281,'06-31',1,NULL),(282,2,282,'06-32',1,NULL),(283,2,283,'06-33',1,NULL),(284,2,284,'06-34',1,NULL),(285,2,285,'06-35',1,NULL),(286,2,286,'06-36',1,NULL),(287,2,287,'06-37',1,NULL),(288,2,288,'06-38',1,NULL),(289,2,289,'06-39',1,NULL),(290,2,290,'06-40',1,NULL),(291,2,291,'06-41',1,NULL),(292,2,292,'06-42',1,NULL),(293,2,293,'06-43',1,NULL),(294,2,294,'06-44',1,NULL),(295,2,295,'06-45',1,NULL),(296,2,296,'06-46',1,NULL),(297,2,297,'06-47',1,NULL),(298,2,298,'06-48',1,NULL),(299,2,299,'06-49',1,NULL),(300,2,300,'06-50',1,NULL),(301,2,301,'07-01',1,NULL),(302,2,302,'07-02',1,NULL),(303,2,303,'07-03',1,NULL),(304,2,304,'07-04',1,NULL),(305,2,305,'07-05',1,NULL),(306,2,306,'07-06',1,NULL),(307,2,307,'07-07',1,NULL),(308,2,308,'07-08',1,NULL),(309,2,309,'07-09',1,NULL),(310,2,310,'07-10',1,NULL),(311,2,311,'07-11',1,NULL),(312,2,312,'07-12',1,NULL),(313,2,313,'07-13',1,NULL),(314,2,314,'07-14',1,NULL),(315,2,315,'07-15',1,NULL),(316,2,316,'07-16',1,NULL),(317,2,317,'07-17',1,NULL),(318,2,318,'07-18',1,NULL),(319,2,319,'07-19',1,NULL),(320,2,320,'07-20',1,NULL),(321,2,321,'07-21',1,NULL),(322,2,322,'07-22',1,NULL),(323,2,323,'07-23',1,NULL),(324,2,324,'07-24',1,NULL),(325,2,325,'07-25',1,NULL),(326,2,326,'07-26',1,NULL),(327,2,327,'07-27',1,NULL),(328,2,328,'07-28',1,NULL),(329,2,329,'07-29',1,NULL),(330,2,330,'07-30',1,NULL),(331,2,331,'07-31',1,NULL),(332,2,332,'07-32',1,NULL),(333,2,333,'07-33',1,NULL),(334,2,334,'07-34',1,NULL),(335,2,335,'07-35',1,NULL),(336,2,336,'07-36',1,NULL),(337,2,337,'07-37',1,NULL),(338,2,338,'07-38',1,NULL),(339,2,339,'07-39',1,NULL),(340,2,340,'07-40',1,NULL),(341,2,341,'07-41',1,NULL),(342,2,342,'07-42',1,NULL),(343,2,343,'07-43',1,NULL),(344,2,344,'07-44',1,NULL),(345,2,345,'07-45',1,NULL),(346,2,346,'07-46',1,NULL),(347,2,347,'07-47',1,NULL),(348,2,348,'07-48',1,NULL),(349,2,349,'07-49',1,NULL),(350,2,350,'07-50',1,NULL),(351,2,351,'08-01',1,NULL),(352,2,352,'08-02',1,NULL),(353,2,353,'08-03',1,NULL),(354,2,354,'08-04',1,NULL),(355,2,355,'08-05',1,NULL),(356,2,356,'08-06',1,NULL),(357,2,357,'08-07',1,NULL),(358,2,358,'08-08',1,NULL),(359,2,359,'08-09',1,NULL),(360,2,360,'08-10',1,NULL),(361,2,361,'08-11',1,NULL),(362,2,362,'08-12',1,NULL),(363,2,363,'08-13',1,NULL),(364,2,364,'08-14',1,NULL),(365,2,365,'08-15',1,NULL),(366,2,366,'08-16',1,NULL),(367,2,367,'08-17',1,NULL),(368,2,368,'08-18',1,NULL),(369,2,369,'08-19',1,NULL),(370,2,370,'08-20',1,NULL),(371,2,371,'08-21',1,NULL),(372,2,372,'08-22',1,NULL),(373,2,373,'08-23',1,NULL),(374,2,374,'08-24',1,NULL),(375,2,375,'08-25',1,NULL),(376,2,376,'08-26',1,NULL),(377,2,377,'08-27',1,NULL),(378,2,378,'08-28',1,NULL),(379,2,379,'08-29',1,NULL),(380,2,380,'08-30',1,NULL),(381,2,381,'08-31',1,NULL),(382,2,382,'08-32',1,NULL),(383,2,383,'08-33',1,NULL),(384,2,384,'08-34',1,NULL),(385,2,385,'08-35',1,NULL),(386,2,386,'08-36',1,NULL),(387,2,387,'08-37',1,NULL),(388,2,388,'08-38',1,NULL),(389,2,389,'08-39',1,NULL),(390,2,390,'08-40',1,NULL),(391,2,391,'08-41',1,NULL),(392,2,392,'08-42',1,NULL),(393,2,393,'08-43',1,NULL),(394,2,394,'08-44',1,NULL),(395,2,395,'08-45',1,NULL),(396,2,396,'08-46',1,NULL),(397,2,397,'08-47',1,NULL),(398,2,398,'08-48',1,NULL),(399,2,399,'08-49',1,NULL),(400,2,400,'08-50',1,NULL),(401,2,401,'09-01',1,NULL),(402,2,402,'09-02',1,NULL),(403,2,403,'09-03',1,NULL),(404,2,404,'09-04',1,NULL),(405,2,405,'09-05',1,NULL),(406,2,406,'09-06',1,NULL),(407,2,407,'09-07',1,NULL),(408,2,408,'09-08',1,NULL),(409,2,409,'09-09',1,NULL),(410,2,410,'09-10',1,NULL),(411,2,411,'09-11',1,NULL),(412,2,412,'09-12',1,NULL),(413,2,413,'09-13',1,NULL),(414,2,414,'09-14',1,NULL),(415,2,415,'09-15',1,NULL),(416,2,416,'09-16',1,NULL),(417,2,417,'09-17',1,NULL),(418,2,418,'09-18',1,NULL),(419,2,419,'09-19',1,NULL),(420,2,420,'09-20',1,NULL),(421,2,421,'09-21',1,NULL),(422,2,422,'09-22',1,NULL),(423,2,423,'09-23',1,NULL),(424,2,424,'09-24',1,NULL),(425,2,425,'09-25',1,NULL),(426,2,426,'09-26',1,NULL),(427,2,427,'09-27',1,NULL),(428,2,428,'09-28',1,NULL),(429,2,429,'09-29',1,NULL),(430,2,430,'09-30',1,NULL),(431,2,431,'09-31',1,NULL),(432,2,432,'09-32',1,NULL),(433,2,433,'09-33',1,NULL),(434,2,434,'09-34',1,NULL),(435,2,435,'09-35',1,NULL),(436,2,436,'09-36',1,NULL),(437,2,437,'09-37',1,NULL),(438,2,438,'09-38',1,NULL),(439,2,439,'09-39',1,NULL),(440,2,440,'09-40',1,NULL),(441,2,441,'09-41',1,NULL),(442,2,442,'09-42',1,NULL),(443,2,443,'09-43',1,NULL),(444,2,444,'09-44',1,NULL),(445,2,445,'09-45',1,NULL),(446,2,446,'09-46',1,NULL),(447,2,447,'09-47',1,NULL),(448,2,448,'09-48',1,NULL),(449,2,449,'09-49',1,NULL),(450,2,450,'09-50',1,NULL),(451,2,451,'10-01',1,NULL),(452,2,452,'10-02',1,NULL),(453,2,453,'10-03',1,NULL),(454,2,454,'10-04',1,NULL),(455,2,455,'10-05',1,NULL),(456,2,456,'10-06',1,NULL),(457,2,457,'10-07',1,NULL),(458,2,458,'10-08',1,NULL),(459,2,459,'10-09',1,NULL),(460,2,460,'10-10',1,NULL),(461,2,461,'10-11',1,NULL),(462,2,462,'10-12',1,NULL),(463,2,463,'10-13',1,NULL),(464,2,464,'10-14',1,NULL),(465,2,465,'10-15',1,NULL),(466,2,466,'10-16',1,NULL),(467,2,467,'10-17',1,NULL),(468,2,468,'10-18',1,NULL),(469,2,469,'10-19',1,NULL),(470,2,470,'10-20',1,NULL),(471,2,471,'10-21',1,NULL),(472,2,472,'10-22',1,NULL),(473,2,473,'10-23',1,NULL),(474,2,474,'10-24',1,NULL),(475,2,475,'10-25',1,NULL),(476,2,476,'10-26',1,NULL),(477,2,477,'10-27',1,NULL),(478,2,478,'10-28',1,NULL),(479,2,479,'10-29',1,NULL),(480,2,480,'10-30',1,NULL),(481,2,481,'10-31',1,NULL),(482,2,482,'10-32',1,NULL),(483,2,483,'10-33',1,NULL),(484,2,484,'10-34',1,NULL),(485,2,485,'10-35',1,NULL),(486,2,486,'10-36',1,NULL),(487,2,487,'10-37',1,NULL),(488,2,488,'10-38',1,NULL),(489,2,489,'10-39',1,NULL),(490,2,490,'10-40',1,NULL),(491,2,491,'10-41',1,NULL),(492,2,492,'10-42',1,NULL),(493,2,493,'10-43',1,NULL),(494,2,494,'10-44',1,NULL),(495,2,495,'10-45',1,NULL),(496,2,496,'10-46',1,NULL),(497,2,497,'10-47',1,NULL),(498,2,498,'10-48',1,NULL),(499,2,499,'10-49',1,NULL),(500,2,500,'10-50',1,NULL),(501,2,501,'11-01',1,NULL),(502,2,502,'11-02',1,NULL),(503,2,503,'11-03',1,NULL),(504,2,504,'11-04',1,NULL),(505,2,505,'11-05',1,NULL),(506,2,506,'11-06',1,NULL),(507,2,507,'11-07',1,NULL),(508,2,508,'11-08',1,NULL),(509,2,509,'11-09',1,NULL),(510,2,510,'11-10',1,NULL),(511,2,511,'11-11',1,NULL),(512,2,512,'11-12',1,NULL),(513,2,513,'11-13',1,NULL),(514,2,514,'11-14',1,NULL),(515,2,515,'11-15',1,NULL),(516,2,516,'11-16',1,NULL),(517,2,517,'11-17',1,NULL),(518,2,518,'11-18',1,NULL),(519,2,519,'11-19',1,NULL),(520,2,520,'11-20',1,NULL),(521,2,521,'11-21',1,NULL),(522,2,522,'11-22',1,NULL),(523,2,523,'11-23',1,NULL),(524,2,524,'11-24',1,NULL),(525,2,525,'11-25',1,NULL),(526,2,526,'11-26',1,NULL),(527,2,527,'11-27',1,NULL),(528,2,528,'11-28',1,NULL),(529,2,529,'11-29',1,NULL),(530,2,530,'11-30',1,NULL),(531,2,531,'11-31',1,NULL),(532,2,532,'11-32',1,NULL),(533,2,533,'11-33',1,NULL),(534,2,534,'11-34',1,NULL),(535,2,535,'11-35',1,NULL),(536,2,536,'11-36',1,NULL),(537,2,537,'11-37',1,NULL),(538,2,538,'11-38',1,NULL),(539,2,539,'11-39',1,NULL),(540,2,540,'11-40',1,NULL),(541,2,541,'11-41',1,NULL),(542,2,542,'11-42',1,NULL),(543,2,543,'11-43',1,NULL),(544,2,544,'11-44',1,NULL),(545,2,545,'11-45',1,NULL),(546,2,546,'11-46',1,NULL),(547,2,547,'11-47',1,NULL),(548,2,548,'11-48',1,NULL),(549,2,549,'11-49',1,NULL),(550,2,550,'11-50',1,NULL),(551,2,551,'12-01',1,NULL),(552,2,552,'12-02',1,NULL),(553,2,553,'12-03',1,NULL),(554,2,554,'12-04',1,NULL),(555,2,555,'12-05',1,NULL),(556,2,556,'12-06',1,NULL),(557,2,557,'12-07',1,NULL),(558,2,558,'12-08',1,NULL),(559,2,559,'12-09',1,NULL),(560,2,560,'12-10',1,NULL),(561,2,561,'12-11',1,NULL),(562,2,562,'12-12',1,NULL),(563,2,563,'12-13',1,NULL),(564,2,564,'12-14',1,NULL),(565,2,565,'12-15',1,NULL),(566,2,566,'12-16',1,NULL),(567,2,567,'12-17',1,NULL),(568,2,568,'12-18',1,NULL),(569,2,569,'12-19',1,NULL),(570,2,570,'12-20',1,NULL),(571,2,571,'12-21',1,NULL),(572,2,572,'12-22',1,NULL),(573,2,573,'12-23',1,NULL),(574,2,574,'12-24',1,NULL),(575,2,575,'12-25',1,NULL),(576,2,576,'12-26',1,NULL),(577,2,577,'12-27',1,NULL),(578,2,578,'12-28',1,NULL),(579,2,579,'12-29',1,NULL),(580,2,580,'12-30',1,NULL),(581,2,581,'12-31',1,NULL),(582,2,582,'12-32',1,NULL),(583,2,583,'12-33',1,NULL),(584,2,584,'12-34',1,NULL),(585,2,585,'12-35',1,NULL),(586,2,586,'12-36',1,NULL),(587,2,587,'12-37',1,NULL),(588,2,588,'12-38',1,NULL),(589,2,589,'12-39',1,NULL),(590,2,590,'12-40',1,NULL),(591,2,591,'12-41',1,NULL),(592,2,592,'12-42',1,NULL),(593,2,593,'12-43',1,NULL),(594,2,594,'12-44',1,NULL),(595,2,595,'12-45',1,NULL),(596,2,596,'12-46',1,NULL),(597,2,597,'12-47',1,NULL),(598,2,598,'12-48',1,NULL),(599,2,599,'12-49',1,NULL),(600,2,600,'12-50',1,NULL),(601,2,601,'13-01',1,NULL),(602,2,602,'13-02',1,NULL),(603,2,603,'13-03',1,NULL),(604,2,604,'13-04',1,NULL),(605,2,605,'13-05',1,NULL),(606,2,606,'13-06',1,NULL),(607,2,607,'13-07',1,NULL),(608,2,608,'13-08',1,NULL),(609,2,609,'13-09',1,NULL),(610,2,610,'13-10',1,NULL),(611,2,611,'13-11',1,NULL),(612,2,612,'13-12',1,NULL),(613,2,613,'13-13',1,NULL),(614,2,614,'13-14',1,NULL),(615,2,615,'13-15',1,NULL),(616,2,616,'13-16',1,NULL),(617,2,617,'13-17',1,NULL),(618,2,618,'13-18',1,NULL),(619,2,619,'13-19',1,NULL),(620,2,620,'13-20',1,NULL),(621,2,621,'13-21',1,NULL),(622,2,622,'13-22',1,NULL),(623,2,623,'13-23',1,NULL),(624,2,624,'13-24',1,NULL),(625,2,625,'13-25',1,NULL),(626,2,626,'13-26',1,NULL),(627,2,627,'13-27',1,NULL),(628,2,628,'13-28',1,NULL),(629,2,629,'13-29',1,NULL),(630,2,630,'13-30',1,NULL),(631,2,631,'13-31',1,NULL),(632,2,632,'13-32',1,NULL),(633,2,633,'13-33',1,NULL),(634,2,634,'13-34',1,NULL),(635,2,635,'13-35',1,NULL),(636,2,636,'13-36',1,NULL),(637,2,637,'13-37',1,NULL),(638,2,638,'13-38',1,NULL),(639,2,639,'13-39',1,NULL),(640,2,640,'13-40',1,NULL),(641,2,641,'13-41',1,NULL),(642,2,642,'13-42',1,NULL),(643,2,643,'13-43',1,NULL),(644,2,644,'13-44',1,NULL),(645,2,645,'13-45',1,NULL),(646,2,646,'13-46',1,NULL),(647,2,647,'13-47',1,NULL),(648,2,648,'13-48',1,NULL),(649,2,649,'13-49',1,NULL),(650,2,650,'13-50',1,NULL),(651,2,651,'14-01',1,NULL),(652,2,652,'14-02',1,NULL),(653,2,653,'14-03',1,NULL),(654,2,654,'14-04',1,NULL),(655,2,655,'14-05',1,NULL),(656,2,656,'14-06',1,NULL),(657,2,657,'14-07',1,NULL),(658,2,658,'14-08',1,NULL),(659,2,659,'14-09',1,NULL),(660,2,660,'14-10',1,NULL),(661,2,661,'14-11',1,NULL),(662,2,662,'14-12',1,NULL),(663,2,663,'14-13',1,NULL),(664,2,664,'14-14',1,NULL),(665,2,665,'14-15',1,NULL),(666,2,666,'14-16',1,NULL),(667,2,667,'14-17',1,NULL),(668,2,668,'14-18',1,NULL),(669,2,669,'14-19',1,NULL),(670,2,670,'14-20',1,NULL),(671,2,671,'14-21',1,NULL),(672,2,672,'14-22',1,NULL),(673,2,673,'14-23',1,NULL),(674,2,674,'14-24',1,NULL),(675,2,675,'14-25',1,NULL),(676,2,676,'14-26',1,NULL),(677,2,677,'14-27',1,NULL),(678,2,678,'14-28',1,NULL),(679,2,679,'14-29',1,NULL),(680,2,680,'14-30',1,NULL),(681,2,681,'14-31',1,NULL),(682,2,682,'14-32',1,NULL),(683,2,683,'14-33',1,NULL),(684,2,684,'14-34',1,NULL),(685,2,685,'14-35',1,NULL),(686,2,686,'14-36',1,NULL),(687,2,687,'14-37',1,NULL),(688,2,688,'14-38',1,NULL),(689,2,689,'14-39',1,NULL),(690,2,690,'14-40',1,NULL),(691,2,691,'14-41',1,NULL),(692,2,692,'14-42',1,NULL),(693,2,693,'14-43',1,NULL),(694,2,694,'14-44',1,NULL),(695,2,695,'14-45',1,NULL),(696,2,696,'14-46',1,NULL),(697,2,697,'14-47',1,NULL),(698,2,698,'14-48',1,NULL),(699,2,699,'14-49',1,NULL),(700,2,700,'14-50',1,NULL),(701,2,701,'15-01',1,NULL),(702,2,702,'15-02',1,NULL),(703,2,703,'15-03',1,NULL),(704,2,704,'15-04',1,NULL),(705,2,705,'15-05',1,NULL),(706,2,706,'15-06',1,NULL),(707,2,707,'15-07',1,NULL),(708,2,708,'15-08',1,NULL),(709,2,709,'15-09',1,NULL),(710,2,710,'15-10',1,NULL),(711,2,711,'15-11',1,NULL),(712,2,712,'15-12',1,NULL),(713,2,713,'15-13',1,NULL),(714,2,714,'15-14',1,NULL),(715,2,715,'15-15',1,NULL),(716,2,716,'15-16',1,NULL),(717,2,717,'15-17',1,NULL),(718,2,718,'15-18',1,NULL),(719,2,719,'15-19',1,NULL),(720,2,720,'15-20',1,NULL),(721,2,721,'15-21',1,NULL),(722,2,722,'15-22',1,NULL),(723,2,723,'15-23',1,NULL),(724,2,724,'15-24',1,NULL),(725,2,725,'15-25',1,NULL),(726,2,726,'15-26',1,NULL),(727,2,727,'15-27',1,NULL),(728,2,728,'15-28',1,NULL),(729,2,729,'15-29',1,NULL),(730,2,730,'15-30',1,NULL),(731,2,731,'15-31',1,NULL),(732,2,732,'15-32',1,NULL),(733,2,733,'15-33',1,NULL),(734,2,734,'15-34',1,NULL),(735,2,735,'15-35',1,NULL),(736,2,736,'15-36',1,NULL),(737,2,737,'15-37',1,NULL),(738,2,738,'15-38',1,NULL),(739,2,739,'15-39',1,NULL),(740,2,740,'15-40',1,NULL),(741,2,741,'15-41',1,NULL),(742,2,742,'15-42',1,NULL),(743,2,743,'15-43',1,NULL),(744,2,744,'15-44',1,NULL),(745,2,745,'15-45',1,NULL),(746,2,746,'15-46',1,NULL),(747,2,747,'15-47',1,NULL),(748,2,748,'15-48',1,NULL),(749,2,749,'15-49',1,NULL),(750,2,750,'15-50',1,NULL),(751,2,751,'16-01',1,NULL),(752,2,752,'16-02',1,NULL),(753,2,753,'16-03',1,NULL),(754,2,754,'16-04',1,NULL),(755,2,755,'16-05',1,NULL),(756,2,756,'16-06',1,NULL),(757,2,757,'16-07',1,NULL),(758,2,758,'16-08',1,NULL),(759,2,759,'16-09',1,NULL),(760,2,760,'16-10',1,NULL),(761,2,761,'16-11',1,NULL),(762,2,762,'16-12',1,NULL),(763,2,763,'16-13',1,NULL),(764,2,764,'16-14',1,NULL),(765,2,765,'16-15',1,NULL),(766,2,766,'16-16',1,NULL),(767,2,767,'16-17',1,NULL),(768,2,768,'16-18',1,NULL),(769,2,769,'16-19',1,NULL),(770,2,770,'16-20',1,NULL),(771,2,771,'16-21',1,NULL),(772,2,772,'16-22',1,NULL),(773,2,773,'16-23',1,NULL),(774,2,774,'16-24',1,NULL),(775,2,775,'16-25',1,NULL),(776,2,776,'16-26',1,NULL),(777,2,777,'16-27',1,NULL),(778,2,778,'16-28',1,NULL),(779,2,779,'16-29',1,NULL),(780,2,780,'16-30',1,NULL),(781,2,781,'16-31',1,NULL),(782,2,782,'16-32',1,NULL),(783,2,783,'16-33',1,NULL),(784,2,784,'16-34',1,NULL),(785,2,785,'16-35',1,NULL),(786,2,786,'16-36',1,NULL),(787,2,787,'16-37',1,NULL),(788,2,788,'16-38',1,NULL),(789,2,789,'16-39',1,NULL),(790,2,790,'16-40',1,NULL),(791,2,791,'16-41',1,NULL),(792,2,792,'16-42',1,NULL),(793,2,793,'16-43',1,NULL),(794,2,794,'16-44',1,NULL),(795,2,795,'16-45',1,NULL),(796,2,796,'16-46',1,NULL),(797,2,797,'16-47',1,NULL),(798,2,798,'16-48',1,NULL),(799,2,799,'16-49',1,NULL),(800,2,800,'16-50',1,NULL),(801,2,801,'17-01',1,NULL),(802,2,802,'17-02',1,NULL),(803,2,803,'17-03',1,NULL),(804,2,804,'17-04',1,NULL),(805,2,805,'17-05',1,NULL),(806,2,806,'17-06',1,NULL),(807,2,807,'17-07',1,NULL),(808,2,808,'17-08',1,NULL),(809,2,809,'17-09',1,NULL),(810,2,810,'17-10',1,NULL),(811,2,811,'17-11',1,NULL),(812,2,812,'17-12',1,NULL),(813,2,813,'17-13',1,NULL),(814,2,814,'17-14',1,NULL),(815,2,815,'17-15',1,NULL),(816,2,816,'17-16',1,NULL),(817,2,817,'17-17',1,NULL),(818,2,818,'17-18',1,NULL),(819,2,819,'17-19',1,NULL),(820,2,820,'17-20',1,NULL),(821,2,821,'17-21',1,NULL),(822,2,822,'17-22',1,NULL),(823,2,823,'17-23',1,NULL),(824,2,824,'17-24',1,NULL),(825,2,825,'17-25',1,NULL),(826,2,826,'17-26',1,NULL),(827,2,827,'17-27',1,NULL),(828,2,828,'17-28',1,NULL),(829,2,829,'17-29',1,NULL),(830,2,830,'17-30',1,NULL),(831,2,831,'17-31',1,NULL),(832,2,832,'17-32',1,NULL),(833,2,833,'17-33',1,NULL),(834,2,834,'17-34',1,NULL),(835,2,835,'17-35',1,NULL),(836,2,836,'17-36',1,NULL),(837,2,837,'17-37',1,NULL),(838,2,838,'17-38',1,NULL),(839,2,839,'17-39',1,NULL),(840,2,840,'17-40',1,NULL),(841,2,841,'17-41',1,NULL),(842,2,842,'17-42',1,NULL),(843,2,843,'17-43',1,NULL),(844,2,844,'17-44',1,NULL),(845,2,845,'17-45',1,NULL),(846,2,846,'17-46',1,NULL),(847,2,847,'17-47',1,NULL),(848,2,848,'17-48',1,NULL),(849,2,849,'17-49',1,NULL),(850,2,850,'17-50',1,NULL),(851,2,851,'18-01',1,NULL),(852,2,852,'18-02',1,NULL),(853,2,853,'18-03',1,NULL),(854,2,854,'18-04',1,NULL),(855,2,855,'18-05',1,NULL),(856,2,856,'18-06',1,NULL),(857,2,857,'18-07',1,NULL),(858,2,858,'18-08',1,NULL),(859,2,859,'18-09',1,NULL),(860,2,860,'18-10',1,NULL),(861,2,861,'18-11',1,NULL),(862,2,862,'18-12',1,NULL),(863,2,863,'18-13',1,NULL),(864,2,864,'18-14',1,NULL),(865,2,865,'18-15',1,NULL),(866,2,866,'18-16',1,NULL),(867,2,867,'18-17',1,NULL),(868,2,868,'18-18',1,NULL),(869,2,869,'18-19',1,NULL),(870,2,870,'18-20',1,NULL),(871,2,871,'18-21',1,NULL),(872,2,872,'18-22',1,NULL),(873,2,873,'18-23',1,NULL),(874,2,874,'18-24',1,NULL),(875,2,875,'18-25',1,NULL),(876,2,876,'18-26',1,NULL),(877,2,877,'18-27',1,NULL),(878,2,878,'18-28',1,NULL),(879,2,879,'18-29',1,NULL),(880,2,880,'18-30',1,NULL),(881,2,881,'18-31',1,NULL),(882,2,882,'18-32',1,NULL),(883,2,883,'18-33',1,NULL),(884,2,884,'18-34',1,NULL),(885,2,885,'18-35',1,NULL),(886,2,886,'18-36',1,NULL),(887,2,887,'18-37',1,NULL),(888,2,888,'18-38',1,NULL),(889,2,889,'18-39',1,NULL),(890,2,890,'18-40',1,NULL),(891,2,891,'18-41',1,NULL),(892,2,892,'18-42',1,NULL),(893,2,893,'18-43',1,NULL),(894,2,894,'18-44',1,NULL),(895,2,895,'18-45',1,NULL),(896,2,896,'18-46',1,NULL),(897,2,897,'18-47',1,NULL),(898,2,898,'18-48',1,NULL),(899,2,899,'18-49',1,NULL),(900,2,900,'18-50',1,NULL);
/*!40000 ALTER TABLE `trainseat` ENABLE KEYS */;
UNLOCK TABLES;

--
-- Table structure for table `user`
--

DROP TABLE IF EXISTS `user`;
/*!40101 SET @saved_cs_client     = @@character_set_client */;
/*!40101 SET character_set_client = utf8 */;
CREATE TABLE `user` (
  `id` int(11) NOT NULL AUTO_INCREMENT,
  `userid` char(20) NOT NULL,
  `pwd` char(10) DEFAULT NULL,
  `email` varchar(100) DEFAULT NULL,
  `phone` char(16) DEFAULT NULL,
  `state` int(11) DEFAULT 0,
  `name` char(10) DEFAULT NULL,
  `writeday` date DEFAULT NULL,
  `oldPwd` char(10) DEFAULT NULL,
  PRIMARY KEY (`id`),
  UNIQUE KEY `userid` (`userid`)
) ENGINE=InnoDB AUTO_INCREMENT=5 DEFAULT CHARSET=utf8;
/*!40101 SET character_set_client = @saved_cs_client */;

--
-- Dumping data for table `user`
--

LOCK TABLES `user` WRITE;
/*!40000 ALTER TABLE `user` DISABLE KEYS */;
INSERT INTO `user` VALUES (2,'testtest','1234','test@naver.com','010-1234-5678',0,NULL,'2025-02-24',NULL),(3,'honggildong','RQLv','hong1234@naver.com','010-5468-2462',0,'홍길동','2025-02-26','D7cV'),(4,'superman','1234','superman123@kakao.com','010-5749-246',0,'슈퍼맨','2025-02-27',NULL);
/*!40000 ALTER TABLE `user` ENABLE KEYS */;
UNLOCK TABLES;
/*!40103 SET TIME_ZONE=@OLD_TIME_ZONE */;

/*!40101 SET SQL_MODE=@OLD_SQL_MODE */;
/*!40014 SET FOREIGN_KEY_CHECKS=@OLD_FOREIGN_KEY_CHECKS */;
/*!40014 SET UNIQUE_CHECKS=@OLD_UNIQUE_CHECKS */;
/*!40101 SET CHARACTER_SET_CLIENT=@OLD_CHARACTER_SET_CLIENT */;
/*!40101 SET CHARACTER_SET_RESULTS=@OLD_CHARACTER_SET_RESULTS */;
/*!40101 SET COLLATION_CONNECTION=@OLD_COLLATION_CONNECTION */;
/*!40111 SET SQL_NOTES=@OLD_SQL_NOTES */;

-- Dump completed on 2025-03-05 17:51:02
